file_id,file,rule_id,raw_messages,distinct_elements,file_raw_total,file_distinct_total
F01,src/app/common/feedback-template-editor/feedback-template-editor.component.html,@angular-eslint/template/mouse-events-have-key-events,0,0,1,1
F01,src/app/common/feedback-template-editor/feedback-template-editor.component.html,@angular-eslint/template/label-has-associated-control,1,1,1,1
F01,src/app/common/feedback-template-editor/feedback-template-editor.component.html,@angular-eslint/template/click-events-have-key-events,0,0,1,1
F01,src/app/common/feedback-template-editor/feedback-template-editor.component.html,@angular-eslint/template/interactive-supports-focus,0,0,1,1
F02,src/app/common/learning-outcome-editor/learning-outcome-editor.component.html,@angular-eslint/template/mouse-events-have-key-events,0,0,2,2
F02,src/app/common/learning-outcome-editor/learning-outcome-editor.component.html,@angular-eslint/template/label-has-associated-control,2,2,2,2
F02,src/app/common/learning-outcome-editor/learning-outcome-editor.component.html,@angular-eslint/template/click-events-have-key-events,0,0,2,2
F02,src/app/common/learning-outcome-editor/learning-outcome-editor.component.html,@angular-eslint/template/interactive-supports-focus,0,0,2,2
F03,src/app/common/modals/date-change-modal/task-date-slider.component.html,@angular-eslint/template/mouse-events-have-key-events,0,0,6,6
F03,src/app/common/modals/date-change-modal/task-date-slider.component.html,@angular-eslint/template/label-has-associated-control,6,6,6,6
F03,src/app/common/modals/date-change-modal/task-date-slider.component.html,@angular-eslint/template/click-events-have-key-events,0,0,6,6
F03,src/app/common/modals/date-change-modal/task-date-slider.component.html,@angular-eslint/template/interactive-supports-focus,0,0,6,6
F04,src/app/dashboard/f-cross-dashboard.component.html,@angular-eslint/template/mouse-events-have-key-events,0,0,2,1
F04,src/app/dashboard/f-cross-dashboard.component.html,@angular-eslint/template/label-has-associated-control,0,0,2,1
F04,src/app/dashboard/f-cross-dashboard.component.html,@angular-eslint/template/click-events-have-key-events,1,1,2,1
F04,src/app/dashboard/f-cross-dashboard.component.html,@angular-eslint/template/interactive-supports-focus,1,1,2,1
F05,src/app/projects/states/dashboard/directives/progress-dashboard/engagement-passport-card/engagement-detail-dialog/engagement-detail-dialog.component.html,@angular-eslint/template/mouse-events-have-key-events,0,0,2,1
F05,src/app/projects/states/dashboard/directives/progress-dashboard/engagement-passport-card/engagement-detail-dialog/engagement-detail-dialog.component.html,@angular-eslint/template/label-has-associated-control,0,0,2,1
F05,src/app/projects/states/dashboard/directives/progress-dashboard/engagement-passport-card/engagement-detail-dialog/engagement-detail-dialog.component.html,@angular-eslint/template/click-events-have-key-events,1,1,2,1
F05,src/app/projects/states/dashboard/directives/progress-dashboard/engagement-passport-card/engagement-detail-dialog/engagement-detail-dialog.component.html,@angular-eslint/template/interactive-supports-focus,1,1,2,1
F06,src/app/projects/states/staff-notes/staff-notes.component.html,@angular-eslint/template/mouse-events-have-key-events,0,0,2,1
F06,src/app/projects/states/staff-notes/staff-notes.component.html,@angular-eslint/template/label-has-associated-control,0,0,2,1
F06,src/app/projects/states/staff-notes/staff-notes.component.html,@angular-eslint/template/click-events-have-key-events,1,1,2,1
F06,src/app/projects/states/staff-notes/staff-notes.component.html,@angular-eslint/template/interactive-supports-focus,1,1,2,1
F07,src/app/projects/states/tutor-notes/tutor-notes.component.html,@angular-eslint/template/mouse-events-have-key-events,0,0,2,1
F07,src/app/projects/states/tutor-notes/tutor-notes.component.html,@angular-eslint/template/label-has-associated-control,0,0,2,1
F07,src/app/projects/states/tutor-notes/tutor-notes.component.html,@angular-eslint/template/click-events-have-key-events,1,1,2,1
F07,src/app/projects/states/tutor-notes/tutor-notes.component.html,@angular-eslint/template/interactive-supports-focus,1,1,2,1
F08,src/app/tasks/task-comment-composer/attachment-confirmation-dialog/attachment-confirmation-dialog.component.html,@angular-eslint/template/mouse-events-have-key-events,0,0,1,1
F08,src/app/tasks/task-comment-composer/attachment-confirmation-dialog/attachment-confirmation-dialog.component.html,@angular-eslint/template/label-has-associated-control,0,0,1,1
F08,src/app/tasks/task-comment-composer/attachment-confirmation-dialog/attachment-confirmation-dialog.component.html,@angular-eslint/template/click-events-have-key-events,0,0,1,1
F08,src/app/tasks/task-comment-composer/attachment-confirmation-dialog/attachment-confirmation-dialog.component.html,@angular-eslint/template/interactive-supports-focus,1,1,1,1
F09,src/app/tasks/task-comment-composer/task-comment-composer.component.html,@angular-eslint/template/mouse-events-have-key-events,0,0,1,1
F09,src/app/tasks/task-comment-composer/task-comment-composer.component.html,@angular-eslint/template/label-has-associated-control,0,0,1,1
F09,src/app/tasks/task-comment-composer/task-comment-composer.component.html,@angular-eslint/template/click-events-have-key-events,0,0,1,1
F09,src/app/tasks/task-comment-composer/task-comment-composer.component.html,@angular-eslint/template/interactive-supports-focus,1,1,1,1
F10,src/app/tasks/task-comments-viewer/pdf-image-comment/pdf-image-comment.component.html,@angular-eslint/template/mouse-events-have-key-events,0,0,2,1
F10,src/app/tasks/task-comments-viewer/pdf-image-comment/pdf-image-comment.component.html,@angular-eslint/template/label-has-associated-control,0,0,2,1
F10,src/app/tasks/task-comments-viewer/pdf-image-comment/pdf-image-comment.component.html,@angular-eslint/template/click-events-have-key-events,1,1,2,1
F10,src/app/tasks/task-comments-viewer/pdf-image-comment/pdf-image-comment.component.html,@angular-eslint/template/interactive-supports-focus,1,1,2,1
F11,src/app/tasks/task-comments-viewer/task-comments-viewer.component.html,@angular-eslint/template/mouse-events-have-key-events,0,0,2,1
F11,src/app/tasks/task-comments-viewer/task-comments-viewer.component.html,@angular-eslint/template/label-has-associated-control,0,0,2,1
F11,src/app/tasks/task-comments-viewer/task-comments-viewer.component.html,@angular-eslint/template/click-events-have-key-events,1,1,2,1
F11,src/app/tasks/task-comments-viewer/task-comments-viewer.component.html,@angular-eslint/template/interactive-supports-focus,1,1,2,1
F12,src/app/units/states/edit/directives/unit-tasks-editor/task-definition-editor/task-definition-overseer/task-definition-overseer.component.html,@angular-eslint/template/mouse-events-have-key-events,0,0,4,2
F12,src/app/units/states/edit/directives/unit-tasks-editor/task-definition-editor/task-definition-overseer/task-definition-overseer.component.html,@angular-eslint/template/label-has-associated-control,0,0,4,2
F12,src/app/units/states/edit/directives/unit-tasks-editor/task-definition-editor/task-definition-overseer/task-definition-overseer.component.html,@angular-eslint/template/click-events-have-key-events,2,2,4,2
F12,src/app/units/states/edit/directives/unit-tasks-editor/task-definition-editor/task-definition-overseer/task-definition-overseer.component.html,@angular-eslint/template/interactive-supports-focus,2,2,4,2
F13,src/app/units/states/edit/directives/unit-tasks-editor/unit-task-editor.component.html,@angular-eslint/template/mouse-events-have-key-events,0,0,6,4
F13,src/app/units/states/edit/directives/unit-tasks-editor/unit-task-editor.component.html,@angular-eslint/template/label-has-associated-control,2,2,6,4
F13,src/app/units/states/edit/directives/unit-tasks-editor/unit-task-editor.component.html,@angular-eslint/template/click-events-have-key-events,2,2,6,4
F13,src/app/units/states/edit/directives/unit-tasks-editor/unit-task-editor.component.html,@angular-eslint/template/interactive-supports-focus,2,2,6,4
F14,src/app/units/states/tasks/inbox/directives/staff-task-list/staff-task-list.component.html,@angular-eslint/template/mouse-events-have-key-events,0,0,2,1
F14,src/app/units/states/tasks/inbox/directives/staff-task-list/staff-task-list.component.html,@angular-eslint/template/label-has-associated-control,0,0,2,1
F14,src/app/units/states/tasks/inbox/directives/staff-task-list/staff-task-list.component.html,@angular-eslint/template/click-events-have-key-events,1,1,2,1
F14,src/app/units/states/tasks/inbox/directives/staff-task-list/staff-task-list.component.html,@angular-eslint/template/interactive-supports-focus,1,1,2,1
F15,src/app/units/task-viewer/directives/unit-task-list/unit-task-list.component.html,@angular-eslint/template/mouse-events-have-key-events,0,0,2,1
F15,src/app/units/task-viewer/directives/unit-task-list/unit-task-list.component.html,@angular-eslint/template/label-has-associated-control,0,0,2,1
F15,src/app/units/task-viewer/directives/unit-task-list/unit-task-list.component.html,@angular-eslint/template/click-events-have-key-events,1,1,2,1
F15,src/app/units/task-viewer/directives/unit-task-list/unit-task-list.component.html,@angular-eslint/template/interactive-supports-focus,1,1,2,1
